,#,Player,Pos,HT,WT,Age,Current Team,YOS,Pre-Draft Team,Draft Status,Nationality,https://basketball.realgm.com/nba/players
2,13.0,Bam Adebayo,C,6-10,255.0,25.0,Miami Heat,5.0,Kentucky,2017 Rnd 1 Pick 14,United States,
3,30.0,Ochai Agbaji,SF,6-5,215.0,22.0,Utah Jazz,0.0,Kansas,2022 Rnd 1 Pick 14,United States,
6,7.0,Grayson Allen,SG,6-4,198.0,26.0,Milwaukee Bucks,4.0,Duke,2018 Rnd 1 Pick 21,United States,
7,31.0,Jarrett Allen,C,6-11,248.0,24.0,Cleveland Cavaliers,5.0,Texas,2017 Rnd 1 Pick 22,United States,
9,5.0,Kyle Anderson,PF,6-8,230.0,28.0,Minnesota Timberwolves,8.0,UCLA,2014 Rnd 1 Pick 30,United States,
12,50.0,Cole Anthony,PG,6-3,190.0,22.0,Orlando Magic,2.0,North Carolina,2020 Rnd 1 Pick 15,United States,
14,,Adonis Arms,F,6-5,200.0,24.0,Denver Nuggets,0.0,Texas Tech,"2022 NBA Draft, Undrafted",United States,
18,35.0,Marvin Bagley III,PF,6-11,240.0,23.0,Detroit Pistons,4.0,Duke,2018 Rnd 1 Pick 2,United States,
19,7.0,"Patrick Baldwin, Jr.",SG,6-9,220.0,19.0,Golden State Warriors,0.0,Milwaukee,2022 Rnd 1 Pick 28,United States,
20,1.0,LaMelo Ball,G,6-7,185.0,21.0,Charlotte Hornets,2.0,Illawarra (Australia),2020 Rnd 1 Pick 3,United States,
21,2.0,Lonzo Ball,PG,6-6,190.0,24.0,Chicago Bulls,5.0,UCLA,2017 Rnd 1 Pick 2,United States,
22,11.0,Mohamed Bamba,C,7-0,250.0,24.0,Orlando Magic,4.0,Texas,2018 Rnd 1 Pick 6,United States,
24,22.0,Desmond Bane,SG,6-6,215.0,24.0,Memphis Grizzlies,2.0,Texas Christian,2020 Rnd 1 Pick 30,United States,
26,,Dominick Barlow,F,6-10,220.0,20.0,San Antonio Spurs,0.0,Overtime Elite (Georgia),"2022 NBA Draft, Undrafted",United States,
27,40.0,Harrison Barnes,SF,6-8,225.0,30.0,Sacramento Kings,10.0,North Carolina,2012 Rnd 1 Pick 7,United States,
28,4.0,Scottie Barnes,SF,6-9,227.0,21.0,Toronto Raptors,1.0,Florida State,2021 Rnd 1 Pick 4,United States,
30,5.0,Will Barton,GF,6-5,181.0,31.0,Washington Wizards,10.0,Memphis,2012 Rnd 2 Pick 10,United States,
32,31.0,Keita Bates-Diop,SF,6-8,230.0,26.0,San Antonio Spurs,4.0,Ohio State,2018 Rnd 2 Pick 18,United States,
34,55.0,Darius Bazley,PF,6-8,208.0,22.0,Oklahoma City Thunder,3.0,,2019 Rnd 1 Pick 23,United States,
35,3.0,Bradley Beal,SG,6-3,207.0,29.0,Washington Wizards,10.0,Florida,2012 Rnd 1 Pick 3,United States,
36,5.0,Malik Beasley,SG,6-4,196.0,25.0,Utah Jazz,6.0,Florida State,2016 Rnd 1 Pick 19,United States,
37,0.0,MarJon Beauchamp,SG,6-7,197.0,21.0,Milwaukee Bucks,0.0,NBA G League Ignite,2022 Rnd 1 Pick 24,United States,
39,21.0,Patrick Beverley,PG,6-1,180.0,34.0,Los Angeles Lakers,10.0,Dnipro Dnipropetrovsk (Ukraine),2009 Rnd 2 Pick 12,United States,
40,41.0,Saddiq Bey,F,6-8,215.0,23.0,Detroit Pistons,2.0,Villanova,2020 Rnd 1 Pick 19,United States,
44,45.0,Buddy Boeheim,SG,6-6,195.0,23.0,Detroit Pistons,0.0,Syracuse,"2022 NBA Draft, Undrafted",United States,
47,10.0,Bol Bol,C,7-2,209.0,22.0,Orlando Magic,3.0,Oregon,2019 Rnd 2 Pick 14,United States,
49,1.0,Devin Booker,SG,6-6,206.0,25.0,Phoenix Suns,7.0,Kentucky,2015 Rnd 1 Pick 13,United States,
50,4.0,"B.J. Boston, Jr.",SG,6-6,188.0,20.0,Los Angeles Clippers,1.0,Kentucky,2021 Rnd 2 Pick 21,United States,
52,5.0,James Bouknight,G,6-4,185.0,21.0,Charlotte Hornets,1.0,Connecticut,2021 Rnd 1 Pick 11,United States,
53,,Jamaree Bouyea,G,6-2,170.0,23.0,Miami Heat,0.0,San Francisco,"2022 NBA Draft, Undrafted",United States,
54,13.0,Tony Bradley,C,6-11,248.0,24.0,Chicago Bulls,5.0,North Carolina,2017 Rnd 1 Pick 28,United States,
55,22.0,Malaki Branham,GF,6-5,195.0,19.0,San Antonio Spurs,0.0,Ohio State,2022 Rnd 1 Pick 20,United States,
56,0.0,Christian Braun,SF,6-6,210.0,21.0,Denver Nuggets,0.0,Kansas,2022 Rnd 1 Pick 21,United States,
57,25.0,Mikal Bridges,SG,6-7,210.0,26.0,Phoenix Suns,4.0,Villanova,2018 Rnd 1 Pick 10,United States,
59,13.0,Malcolm Brogdon,SG,6-5,229.0,29.0,Boston Celtics,6.0,Virginia,2016 Rnd 2 Pick 6,United States,
61,4.0,Greg Brown III,SF,6-8,200.0,21.0,Portland Trail Blazers,1.0,Texas,2021 Rnd 2 Pick 13,United States,
62,,Gabe Brown,SF,6-8,215.0,22.0,Toronto Raptors,0.0,Michigan State,"2022 NBA Draft, Undrafted",United States,
63,7.0,Jaylen Brown,SF,6-6,220.0,25.0,Boston Celtics,6.0,California,2016 Rnd 1 Pick 3,United States,
64,1.0,"Bruce Brown, Jr.",SG,6-4,202.0,26.0,Denver Nuggets,4.0,Miami (FL),2018 Rnd 2 Pick 12,United States,
65,16.0,"Charlie Brown, Jr.",SG,6-6,199.0,25.0,Philadelphia Sixers,3.0,Saint Joseph's,"2019 NBA Draft, Undrafted",United States,
66,45.0,"Chaundee Brown, Jr.",SF,6-5,215.0,23.0,Atlanta Hawks,1.0,Michigan,"2021 NBA Draft, Undrafted",United States,
67,7.0,"Troy Brown, Jr.",SF,6-6,215.0,23.0,Los Angeles Lakers,4.0,Oregon,2018 Rnd 1 Pick 15,United States,
68,6.0,Moses Brown,C,7-1,245.0,22.0,Los Angeles Clippers,3.0,UCLA,"2019 NBA Draft, Undrafted",United States,
69,0.0,Sterling Brown,G,6-5,219.0,27.0,Houston Rockets,5.0,Southern Methodist,2017 Rnd 2 Pick 16,United States,
70,11.0,Jalen Brunson,PG,6-1,190.0,26.0,New York Knicks,4.0,Villanova,2018 Rnd 2 Pick 3,United States,
71,31.0,Thomas Bryant,C,6-10,248.0,25.0,Los Angeles Lakers,5.0,Indiana,2017 Rnd 2 Pick 12,United States,
72,25.0,Reggie Bullock,SG,6-7,205.0,31.0,Dallas Mavericks,9.0,North Carolina,2013 Rnd 1 Pick 25,United States,
73,3.0,Trey Burke,G,6-0,185.0,29.0,Houston Rockets,9.0,Michigan,2013 Rnd 1 Pick 9,United States,
74,5.0,Alec Burks,SG,6-6,214.0,31.0,Detroit Pistons,11.0,Colorado,2011 Rnd 1 Pick 12,United States,
75,13.0,Jared Butler,PG,6-3,195.0,22.0,Utah Jazz,1.0,Baylor,2021 Rnd 2 Pick 10,United States,
76,22.0,Jimmy Butler,GF,6-8,232.0,32.0,Miami Heat,11.0,Marquette,2011 Rnd 1 Pick 30,United States,
78,,Jamal Cain,F,6-7,191.0,23.0,Miami Heat,0.0,Oakland,"2022 NBA Draft, Undrafted",United States,
79,1.0,Kentavious Caldwell-Pope,SG,6-5,204.0,29.0,Denver Nuggets,9.0,Georgia,2013 Rnd 1 Pick 8,United States,
81,30.0,Devin Cannady,PG,6-2,183.0,26.0,Orlando Magic,2.0,Princeton,"2019 NBA Draft, Undrafted",United States,
83,22.0,"Vernon Carey, Jr.",PF,6-9,270.0,21.0,Washington Wizards,2.0,Duke,2020 Rnd 2 Pick 2,United States,
84,5.0,Jevon Carter,PG,6-1,195.0,26.0,Milwaukee Bucks,4.0,West Virginia,2018 Rnd 2 Pick 2,United States,
85,34.0,"Wendell Carter, Jr.",PF,6-10,270.0,23.0,Orlando Magic,4.0,Duke,2018 Rnd 1 Pick 7,United States,
86,6.0,Alex Caruso,G,6-4,186.0,28.0,Chicago Bulls,5.0,Texas A&M,"2016 NBA Draft, Undrafted",United States,
87,5.0,Julian Champagnie,F,6-8,215.0,22.0,Philadelphia Sixers,0.0,St. John's,"2022 NBA Draft, Undrafted",United States,
88,11.0,Justin Champagnie,F,6-6,210.0,21.0,Toronto Raptors,1.0,Pittsburgh,"2021 NBA Draft, Undrafted",United States,
89,1.0,Kennedy Chandler,PG,6-0,171.0,19.0,Memphis Grizzlies,0.0,Tennessee,2022 Rnd 2 Pick 8,United States,
90,32.0,Marquese Chriss,PF,6-9,240.0,25.0,Houston Rockets,6.0,Washington,2016 Rnd 1 Pick 8,United States,
91,10.0,Max Christie,F,6-6,190.0,19.0,Los Angeles Lakers,0.0,Michigan State,2022 Rnd 2 Pick 5,United States,
92,9.0,Josh Christopher,G,6-5,215.0,20.0,Houston Rockets,1.0,Arizona State,2021 Rnd 1 Pick 24,United States,
96,7.0,Amir Coffey,SF,6-7,210.0,25.0,Los Angeles Clippers,3.0,Minnesota,"2019 NBA Draft, Undrafted",United States,
97,20.0,John Collins,PF,6-9,235.0,24.0,Atlanta Hawks,5.0,Wake Forest,2017 Rnd 1 Pick 19,United States,
98,23.0,Zach Collins,C,6-11,250.0,24.0,San Antonio Spurs,5.0,Gonzaga,2017 Rnd 1 Pick 10,United States,
99,11.0,Mike Conley,PG,6-1,175.0,34.0,Utah Jazz,15.0,Ohio State,2007 Rnd 1 Pick 4,United States,
100,24.0,Pat Connaughton,SF,6-4,209.0,29.0,Milwaukee Bucks,7.0,Notre Dame,2015 Rnd 2 Pick 11,United States,
101,23.0,Robert Covington,F,6-7,209.0,31.0,Los Angeles Clippers,9.0,Tennessee State,"2013 NBA Draft, Undrafted",United States,
102,12.0,Torrey Craig,GF,6-7,221.0,31.0,Phoenix Suns,5.0,USC Upstate,"2014 NBA Draft, Undrafted",United States,
103,99.0,Jae Crowder,SF,6-6,235.0,32.0,Phoenix Suns,10.0,Marquette,2012 Rnd 2 Pick 4,United States,
104,2.0,Cade Cunningham,SF,6-6,220.0,20.0,Detroit Pistons,1.0,Oklahoma State,2021 Rnd 1 Pick 1,United States,
105,30.0,Seth Curry,G,6-1,190.0,32.0,Brooklyn Nets,9.0,Duke,"2013 NBA Draft, Undrafted",United States,
106,30.0,Stephen Curry,G,6-3,193.0,34.0,Golden State Warriors,13.0,Davidson,2009 Rnd 1 Pick 7,United States,
108,3.0,Anthony Davis,PF,6-10,253.0,29.0,Los Angeles Lakers,10.0,Kentucky,2012 Rnd 1 Pick 1,United States,
109,1.0,Johnny Davis,F,6-5,196.0,20.0,Washington Wizards,0.0,Wisconsin,2022 Rnd 1 Pick 10,United States,
110,9.0,Terence Davis,SF,6-4,205.0,25.0,Sacramento Kings,3.0,Ole Miss,"2019 NBA Draft, Undrafted",United States,
111,20.0,J.D. Davison,F,6-3,195.0,20.0,Boston Celtics,0.0,Alabama,2022 Rnd 2 Pick 23,United States,
112,,Darius Days,PF,6-7,240.0,23.0,Miami Heat,0.0,LSU,"2022 NBA Draft, Undrafted",United States,
113,11.0,DeMar DeRozan,GF,6-6,220.0,33.0,Chicago Bulls,13.0,USC,2009 Rnd 1 Pick 9,United States,
114,21.0,Dewayne Dedmon,PF,7-0,245.0,33.0,Miami Heat,9.0,USC,"2013 NBA Draft, Undrafted",United States,
116,0.0,Donte DiVincenzo,SG,6-4,203.0,25.0,Golden State Warriors,4.0,Villanova,2018 Rnd 1 Pick 17,United States,
121,26.0,Spencer Dinwiddie,PG,6-5,215.0,29.0,Dallas Mavericks,8.0,Colorado,2014 Rnd 2 Pick 8,United States,
125,12.0,Ayo Dosunmu,PG,6-5,200.0,22.0,Chicago Bulls,1.0,Illinois,2021 Rnd 2 Pick 8,United States,
126,20.0,Jeff Dowtin,PG,6-3,185.0,25.0,Toronto Raptors,1.0,Rhode Island,"2020 NBA Draft, Undrafted",United States,
128,3.0,Andre Drummond,C,6-10,280.0,29.0,Chicago Bulls,10.0,Connecticut,2012 Rnd 1 Pick 9,United States,
130,7.0,Kevin Durant,SF,6-10,225.0,33.0,Brooklyn Nets,15.0,Texas,2007 Rnd 1 Pick 2,United States,
131,0.0,Jalen Duren,PF,6-11,230.0,18.0,Detroit Pistons,0.0,Memphis,2022 Rnd 1 Pick 13,United States,
132,17.0,Tari Eason,F,6-8,216.0,21.0,Houston Rockets,0.0,LSU,2022 Rnd 1 Pick 17,United States,
133,1.0,Anthony Edwards,SF,6-5,229.0,21.0,Minnesota Timberwolves,2.0,Georgia,2020 Rnd 1 Pick 1,United States,
134,14.0,Kessler Edwards,SG,6-8,215.0,22.0,Brooklyn Nets,1.0,Pepperdine,2021 Rnd 2 Pick 14,United States,
135,16.0,C.J. Elleby,SF,6-6,200.0,22.0,Minnesota Timberwolves,2.0,Washington State,2020 Rnd 2 Pick 16,United States,
136,34.0,Keon Ellis,F,6-6,175.0,23.0,Sacramento Kings,0.0,Alabama,"2022 NBA Draft, Undrafted",United States,
138,,Tyson Etienne,G,6-2,203.0,22.0,Atlanta Hawks,0.0,Wichita State,"2022 NBA Draft, Undrafted",United States,
139,24.0,Drew Eubanks,C,6-10,245.0,25.0,Portland Trail Blazers,4.0,Oregon State,"2018 NBA Draft, Undrafted",United States,
140,15.0,Derrick Favors,FC,6-10,265.0,31.0,Oklahoma City Thunder,12.0,Georgia Tech,2010 Rnd 1 Pick 3,United States,
142,10.0,Dorian Finney-Smith,SF,6-7,220.0,29.0,Dallas Mavericks,6.0,Florida,"2016 NBA Draft, Undrafted",United States,
143,8.0,Malachi Flynn,PG,6-1,185.0,24.0,Toronto Raptors,2.0,San Diego State,2020 Rnd 1 Pick 29,United States,
145,10.0,Bryn Forbes,G,6-2,205.0,29.0,Minnesota Timberwolves,6.0,Michigan State,"2016 NBA Draft, Undrafted",United States,
146,3.0,Trent Forrest,SG,6-4,210.0,24.0,Atlanta Hawks,2.0,Florida State,"2020 NBA Draft, Undrafted",United States,
147,,"Michael Foster, Jr.",PF,6-8,250.0,19.0,Philadelphia Sixers,0.0,NBA G League Ignite,"2022 NBA Draft, Undrafted",United States,
149,5.0,De'Aaron Fox,PG,6-3,185.0,24.0,Sacramento Kings,5.0,Kentucky,2017 Rnd 1 Pick 5,United States,
150,,Javon Freeman-Liberty,G,6-4,180.0,22.0,Chicago Bulls,0.0,DePaul,"2022 NBA Draft, Undrafted",United States,
151,20.0,Markelle Fultz,PG,6-4,209.0,24.0,Orlando Magic,5.0,Washington,2017 Rnd 1 Pick 1,United States,
153,21.0,Daniel Gafford,C,6-11,234.0,23.0,Washington Wizards,3.0,Arkansas,2019 Rnd 2 Pick 8,United States,
155,10.0,Darius Garland,G,6-1,186.0,22.0,Cleveland Cavaliers,3.0,Vanderbilt,2019 Rnd 1 Pick 5,United States,
156,0.0,Marcus Garrett,PG,6-5,205.0,24.0,Miami Heat,1.0,Kansas,"2021 NBA Draft, Undrafted",United States,
158,55.0,Luka Garza,C,6-10,243.0,23.0,Minnesota Timberwolves,1.0,Iowa,2021 Rnd 2 Pick 22,United States,
159,8.0,Rudy Gay,SF,6-8,240.0,36.0,Utah Jazz,16.0,Connecticut,2006 Rnd 1 Pick 8,United States,
160,13.0,Paul George,GF,6-8,220.0,32.0,Los Angeles Clippers,12.0,Fresno State,2010 Rnd 1 Pick 10,United States,
161,67.0,Taj Gibson,F,6-9,232.0,37.0,Washington Wizards,13.0,USC,2009 Rnd 1 Pick 26,United States,
164,16.0,Anthony Gill,PF,6-8,230.0,29.0,Washington Wizards,2.0,Virginia,"2016 NBA Draft, Undrafted",United States,
165,21.0,Collin Gillespie,PG,6-3,190.0,24.0,Denver Nuggets,0.0,Villanova,"2022 NBA Draft, Undrafted",United States,
167,50.0,Aaron Gordon,F,6-8,235.0,26.0,Denver Nuggets,8.0,Arizona,2014 Rnd 1 Pick 4,United States,
168,10.0,Eric Gordon,G,6-3,215.0,33.0,Houston Rockets,14.0,Indiana,2008 Rnd 1 Pick 7,United States,
169,,Kellan Grady,PG,6-3,205.0,24.0,Denver Nuggets,0.0,Kentucky,"2022 NBA Draft, Undrafted",United States,
170,4.0,Devonte' Graham,PG,6-1,185.0,27.0,New Orleans Pelicans,4.0,Kansas,2018 Rnd 2 Pick 4,United States,
171,9.0,Jerami Grant,F,6-8,210.0,28.0,Portland Trail Blazers,8.0,Syracuse,2014 Rnd 2 Pick 9,United States,
172,20.0,A.J. Green,PG,6-4,190.0,23.0,Milwaukee Bucks,0.0,Northern Iowa,"2022 NBA Draft, Undrafted",United States,
173,14.0,Danny Green,SF,6-6,220.0,35.0,Memphis Grizzlies,13.0,North Carolina,2009 Rnd 2 Pick 16,United States,
174,23.0,Draymond Green,F,6-6,235.0,32.0,Golden State Warriors,10.0,Michigan State,2012 Rnd 2 Pick 5,United States,
175,0.0,JaMychal Green,PF,6-8,227.0,32.0,Golden State Warriors,8.0,Alabama,"2012 NBA Draft, Undrafted",United States,
176,4.0,Jalen Green,SG,6-6,178.0,20.0,Houston Rockets,1.0,NBA G League Ignite,2021 Rnd 1 Pick 2,United States,
178,32.0,Jeff Green,F,6-8,235.0,36.0,Denver Nuggets,14.0,Georgetown,2007 Rnd 1 Pick 5,United States,
180,14.0,"A.J. Griffin, Jr.",SG,6-6,222.0,19.0,Atlanta Hawks,0.0,Duke,2022 Rnd 1 Pick 16,United States,
181,6.0,Quentin Grimes,SG,6-5,205.0,22.0,New York Knicks,1.0,Houston,2021 Rnd 1 Pick 25,United States,
182,,Mouhamadou Gueye,F,6-9,210.0,0.0,Dallas Mavericks,0.0,Pittsburgh,"2022 NBA Draft, Undrafted",United States,
184,0.0,Tyrese Haliburton,PG,6-5,172.0,22.0,Indiana Pacers,2.0,Iowa State,2020 Rnd 1 Pick 12,United States,
185,30.0,Jordan Hall,F,6-8,220.0,22.0,San Antonio Spurs,0.0,Saint Joseph's,"2022 NBA Draft, Undrafted",United States,
186,16.0,Tyler Hall,SG,6-5,209.0,25.0,Dallas Mavericks,1.0,Montana State,"2019 NBA Draft, Undrafted",United States,
187,13.0,R.J. Hampton,G,6-6,190.0,21.0,Orlando Magic,2.0,New Zealand (New Zealand),2020 Rnd 1 Pick 24,United States,
188,11.0,Tim Hardaway Jr.,SG,6-5,205.0,30.0,Dallas Mavericks,9.0,Michigan,2013 Rnd 1 Pick 24,United States,
189,1.0,James Harden,SG,6-5,220.0,33.0,Philadelphia Sixers,13.0,Arizona State,2009 Rnd 1 Pick 3,United States,
190,3.0,Jaden Hardy,SG,6-4,198.0,20.0,Dallas Mavericks,0.0,NBA G League Ignite,2022 Rnd 2 Pick 7,United States,
192,8.0,Ron Harper,G,6-6,245.0,23.0,Toronto Raptors,0.0,Rutgers,"2022 NBA Draft, Undrafted",United States,
193,14.0,Gary Harris,SG,6-4,205.0,27.0,Orlando Magic,8.0,Michigan State,2014 Rnd 1 Pick 19,United States,
194,12.0,Joe Harris,SG,6-6,220.0,31.0,Brooklyn Nets,8.0,Virginia,2014 Rnd 2 Pick 3,United States,
195,7.0,Kevon Harris,SF,6-6,216.0,25.0,Orlando Magic,0.0,Stephen F. Austin,"2020 NBA Draft, Undrafted",United States,
196,33.0,Tobias Harris,F,6-7,230.0,30.0,Philadelphia Sixers,11.0,Tennessee,2011 Rnd 1 Pick 19,United States,
197,11.0,Josh Hart,SG,6-5,215.0,27.0,Portland Trail Blazers,5.0,Villanova,2017 Rnd 1 Pick 30,United States,
199,40.0,Udonis Haslem,FC,6-8,235.0,42.0,Miami Heat,19.0,Florida,"2002 NBA Draft, Undrafted",United States,
200,30.0,Sam Hauser,SF,6-8,215.0,24.0,Boston Celtics,1.0,Virginia,"2021 NBA Draft, Undrafted",United States,
201,10.0,Jaxson Hayes,PF,6-11,220.0,22.0,New Orleans Pelicans,3.0,Texas,2019 Rnd 1 Pick 8,United States,
203,20.0,Gordon Hayward,GF,6-7,230.0,32.0,Charlotte Hornets,12.0,Butler,2010 Rnd 1 Pick 9,United States,
206,14.0,Tyler Herro,SG,6-6,195.0,22.0,Miami Heat,3.0,Kentucky,2019 Rnd 1 Pick 13,United States,
208,24.0,Haywood Highsmith,F,6-7,220.0,25.0,Miami Heat,2.0,Wheeling Jesuit,"2018 NBA Draft, Undrafted",United States,
209,3.0,George Hill,G,6-3,188.0,36.0,Milwaukee Bucks,14.0,IUPUI,2008 Rnd 1 Pick 26,United States,
210,4.0,Aaron Holiday,PG,6-0,185.0,25.0,Atlanta Hawks,4.0,UCLA,2018 Rnd 1 Pick 23,United States,
211,21.0,Jrue Holiday,G,6-4,205.0,32.0,Milwaukee Bucks,13.0,UCLA,2009 Rnd 1 Pick 17,United States,
212,7.0,Justin Holiday,SF,6-6,181.0,33.0,Atlanta Hawks,9.0,Washington,"2011 NBA Draft, Undrafted",United States,
213,22.0,Richaun Holmes,F,6-10,240.0,28.0,Sacramento Kings,7.0,Bowling Green,2015 Rnd 2 Pick 7,United States,
214,7.0,Chet Holmgren,C,7-1,195.0,20.0,Oklahoma City Thunder,0.0,Gonzaga,2022 Rnd 1 Pick 2,United States,
216,0.0,Talen Horton-Tucker,SF,6-4,233.0,21.0,Utah Jazz,3.0,Iowa State,2019 Rnd 2 Pick 16,United States,
217,25.0,Danuel House,F,6-6,215.0,29.0,Philadelphia Sixers,6.0,Texas A&M,"2016 NBA Draft, Undrafted",United States,
219,,Trevor Hudgins,G,6-0,180.0,24.0,Houston Rockets,0.0,Northwest Missouri State,"2022 NBA Draft, Undrafted",United States,
220,9.0,Kevin Huerter,SF,6-7,190.0,24.0,Sacramento Kings,4.0,Maryland,2018 Rnd 1 Pick 19,United States,
221,30.0,Jay Huff,C,7-1,240.0,24.0,Los Angeles Lakers,1.0,Virginia,"2021 NBA Draft, Undrafted",United States,
222,16.0,Feron Hunt,SF,6-8,195.0,23.0,New York Knicks,1.0,Southern Methodist,"2021 NBA Draft, Undrafted",United States,
223,12.0,De'Andre Hunter,PF,6-7,225.0,24.0,Atlanta Hawks,3.0,Virginia,2019 Rnd 1 Pick 4,United States,
224,3.0,Bones Hyland,G,6-3,173.0,21.0,Denver Nuggets,1.0,VCU,2021 Rnd 1 Pick 26,United States,
227,14.0,Brandon Ingram,SF,6-7,190.0,25.0,New Orleans Pelicans,6.0,Duke,2016 Rnd 1 Pick 2,United States,
229,1.0,Jonathan Isaac,SF,6-10,230.0,24.0,Orlando Magic,5.0,Florida State,2017 Rnd 1 Pick 6,United States,
230,23.0,Jaden Ivey,G,6-4,200.0,20.0,Detroit Pistons,0.0,Purdue,2022 Rnd 1 Pick 5,United States,
231,22.0,Isaiah Jackson,PF,6-10,206.0,20.0,Indiana Pacers,1.0,Kentucky,2021 Rnd 1 Pick 22,United States,
232,55.0,Josh Jackson,SF,6-8,207.0,25.0,Toronto Raptors,5.0,Kansas,2017 Rnd 1 Pick 4,United States,
233,13.0,"Jaren Jackson, Jr.",PF,6-11,242.0,22.0,Memphis Grizzlies,4.0,Michigan State,2018 Rnd 1 Pick 4,United States,
235,6.0,LeBron James,F,6-8,250.0,37.0,Los Angeles Lakers,19.0,St. Vincent St. Mary High School (Ohio),2003 Rnd 1 Pick 1,United States,
236,10.0,Ty Jerome,PG,6-5,195.0,25.0,Oklahoma City Thunder,3.0,Virginia,2019 Rnd 1 Pick 24,United States,
237,7.0,Isaiah Joe,SG,6-3,174.0,23.0,Philadelphia Sixers,2.0,Arkansas,2020 Rnd 2 Pick 19,United States,
238,24.0,Alize Johnson,SF,6-7,212.0,26.0,San Antonio Spurs,4.0,Missouri State,2018 Rnd 2 Pick 20,United States,
239,23.0,Cameron Johnson,G,6-9,210.0,26.0,Phoenix Suns,3.0,North Carolina,2019 Rnd 1 Pick 11,United States,
240,1.0,Jalen Johnson,PF,6-9,220.0,20.0,Atlanta Hawks,1.0,Duke,2021 Rnd 1 Pick 20,United States,
241,3.0,Keldon Johnson,SF,6-6,210.0,22.0,San Antonio Spurs,3.0,Kentucky,2019 Rnd 1 Pick 29,United States,
242,6.0,Keon Johnson,PG,6-4,185.0,20.0,Portland Trail Blazers,1.0,Tennessee,2021 Rnd 1 Pick 21,United States,
243,2.0,Stanley Johnson,G,6-6,242.0,26.0,Utah Jazz,7.0,Arizona,2015 Rnd 1 Pick 8,United States,
245,23.0,Carlik Jones,PG,6-1,185.0,24.0,Chicago Bulls,1.0,Louisville,"2021 NBA Draft, Undrafted",United States,
246,30.0,Damian Jones,PF,7-0,245.0,27.0,Los Angeles Lakers,6.0,Vanderbilt,2016 Rnd 1 Pick 30,United States,
247,5.0,Derrick Jones,SF,6-6,210.0,25.0,Chicago Bulls,6.0,UNLV,"2016 NBA Draft, Undrafted",United States,
248,5.0,Herb Jones,SF,6-6,206.0,23.0,New Orleans Pelicans,1.0,Alabama,2021 Rnd 2 Pick 5,United States,
250,33.0,Tre Jones,PG,6-3,185.0,22.0,San Antonio Spurs,2.0,Duke,2020 Rnd 2 Pick 11,United States,
251,21.0,Tyus Jones,PG,6-1,196.0,26.0,Memphis Grizzlies,7.0,Duke,2015 Rnd 1 Pick 24,United States,
252,9.0,DeAndre Jordan,C,6-11,265.0,34.0,Denver Nuggets,14.0,Texas A&M,2008 Rnd 2 Pick 5,United States,
255,33.0,Johnny Juzang,SG,6-6,215.0,22.0,Utah Jazz,0.0,UCLA,"2022 NBA Draft, Undrafted",United States,
257,41.0,Frank Kaminsky,F,7-0,242.0,29.0,Atlanta Hawks,7.0,Wisconsin,2015 Rnd 1 Pick 9,United States,
258,3.0,Trevor Keels,PG,6-4,221.0,19.0,New York Knicks,0.0,Duke,2022 Rnd 2 Pick 12,United States,
259,5.0,Luke Kennard,SG,6-5,206.0,26.0,Los Angeles Clippers,5.0,Duke,2017 Rnd 1 Pick 12,United States,
260,24.0,Walker Kessler,C,7-1,245.0,21.0,Utah Jazz,0.0,Auburn,2022 Rnd 1 Pick 22,United States,
261,8.0,Braxton Key,SF,6-8,230.0,25.0,Detroit Pistons,1.0,Virginia,"2020 NBA Draft, Undrafted",United States,
262,24.0,Corey Kispert,SF,6-7,220.0,23.0,Washington Wizards,1.0,Gonzaga,2021 Rnd 1 Pick 15,United States,
264,13.0,Nathan Knight,PF,6-8,244.0,24.0,Minnesota Timberwolves,2.0,William & Mary,"2020 NBA Draft, Undrafted",United States,
265,20.0,Kevin Knox,SF,6-9,215.0,23.0,Detroit Pistons,4.0,Kentucky,2018 Rnd 1 Pick 9,United States,
267,46.0,John Konchar,G,6-5,210.0,26.0,Memphis Grizzlies,3.0,Fort Wayne,"2019 NBA Draft, Undrafted",United States,
269,40.0,Luke Kornet,F,7-1,250.0,27.0,Boston Celtics,5.0,Vanderbilt,"2017 NBA Draft, Undrafted",United States,
271,,Tommy Kuhse,G,6-2,185.0,24.0,San Antonio Spurs,0.0,Saint Mary's,"2022 NBA Draft, Undrafted",United States,
273,33.0,Kyle Kuzma,F,6-10,221.0,27.0,Washington Wizards,5.0,Utah,2017 Rnd 1 Pick 27,United States,
274,3.0,Jake LaRavia,F,6-7,235.0,20.0,Memphis Grizzlies,0.0,Wake Forest,2022 Rnd 1 Pick 19,United States,
275,8.0,Zach LaVine,SG,6-5,202.0,27.0,Chicago Bulls,8.0,UCLA,2014 Rnd 1 Pick 13,United States,
277,35.0,Romeo Langford,SG,6-4,215.0,22.0,San Antonio Spurs,3.0,Indiana,2019 Rnd 1 Pick 14,United States,
279,3.0,Caris LeVert,G,6-6,205.0,28.0,Cleveland Cavaliers,6.0,Michigan,2016 Rnd 1 Pick 20,United States,
280,1.0,Damion Lee,G,6-5,203.0,29.0,Phoenix Suns,5.0,Louisville,"2016 NBA Draft, Undrafted",United States,
281,38.0,Saben Lee,PG,6-2,183.0,23.0,Detroit Pistons,2.0,Vanderbilt,2020 Rnd 2 Pick 8,United States,
283,2.0,Kawhi Leonard,F,6-7,225.0,31.0,Los Angeles Clippers,11.0,San Diego State,2011 Rnd 1 Pick 15,United States,
284,13.0,"Kira Lewis, Jr.",PG,6-1,170.0,21.0,New Orleans Pelicans,2.0,Alabama,2020 Rnd 1 Pick 13,United States,
285,34.0,Justin Lewis,F,6-7,245.0,21.0,Chicago Bulls,0.0,Marquette,"2022 NBA Draft, Undrafted",United States,
286,0.0,Damian Lillard,G,6-2,195.0,32.0,Portland Trail Blazers,10.0,Weber State,2012 Rnd 1 Pick 6,United States,
287,10.0,Nassir Little,SF,6-5,220.0,22.0,Portland Trail Blazers,3.0,North Carolina,2019 Rnd 1 Pick 25,United States,
288,12.0,Isaiah Livers,PF,6-7,230.0,24.0,Detroit Pistons,1.0,Michigan,2021 Rnd 2 Pick 12,United States,
289,6.0,"Kenny Lofton, Jr.",F,6-8,275.0,20.0,Memphis Grizzlies,0.0,Louisiana Tech,"2022 NBA Draft, Undrafted",United States,
290,5.0,Kevon Looney,PF,6-9,250.0,26.0,Golden State Warriors,7.0,UCLA,2015 Rnd 1 Pick 30,United States,
291,11.0,Brook Lopez,C,7-0,270.0,34.0,Milwaukee Bucks,14.0,Stanford,2008 Rnd 1 Pick 10,United States,
292,33.0,Robin Lopez,FC,7-0,281.0,34.0,Cleveland Cavaliers,14.0,Stanford,2008 Rnd 1 Pick 15,United States,
293,0.0,Kevin Love,FC,6-8,247.0,34.0,Cleveland Cavaliers,14.0,UCLA,2008 Rnd 1 Pick 5,United States,
294,7.0,Kyle Lowry,PG,6-1,196.0,36.0,Miami Heat,16.0,Villanova,2006 Rnd 1 Pick 24,United States,
299,14.0,Terance Mann,SG,6-5,215.0,25.0,Los Angeles Clippers,3.0,Florida State,2019 Rnd 2 Pick 18,United States,
300,23.0,Tre Mann,PG,6-5,190.0,21.0,Oklahoma City Thunder,1.0,Florida,2021 Rnd 1 Pick 18,United States,
303,8.0,Naji Marshall,SF,6-7,220.0,24.0,New Orleans Pelicans,2.0,Xavier,"2020 NBA Draft, Undrafted",United States,
304,16.0,Caleb Martin,F,6-7,205.0,26.0,Miami Heat,3.0,Nevada,"2019 NBA Draft, Undrafted",United States,
305,11.0,Cody Martin,F,6-6,200.0,26.0,Charlotte Hornets,3.0,Nevada,2019 Rnd 2 Pick 6,United States,
306,6.0,K.J. Martin,F,6-7,215.0,21.0,Houston Rockets,2.0,IMG Academy (Florida),2020 Rnd 2 Pick 22,United States,
307,22.0,Tyrese Martin,GF,6-6,215.0,23.0,Atlanta Hawks,0.0,Connecticut,2022 Rnd 2 Pick 21,United States,
308,24.0,Garrison Mathews,SG,6-5,215.0,25.0,Houston Rockets,3.0,Lipscomb,"2019 NBA Draft, Undrafted",United States,
310,23.0,Wesley Matthews,G,6-5,220.0,35.0,Milwaukee Bucks,13.0,Marquette,"2009 NBA Draft, Undrafted",United States,
311,0.0,Tyrese Maxey,PG,6-2,195.0,21.0,Philadelphia Sixers,2.0,Kentucky,2020 Rnd 1 Pick 21,United States,
312,2.0,Miles McBride,G,6-2,196.0,22.0,New York Knicks,1.0,West Virginia,2021 Rnd 2 Pick 6,United States,
313,37.0,Mac McClung,PG,6-2,185.0,23.0,Golden State Warriors,1.0,Texas Tech,"2021 NBA Draft, Undrafted",United States,
314,3.0,C.J. McCollum,G,6-3,190.0,30.0,New Orleans Pelicans,9.0,Lehigh,2013 Rnd 1 Pick 10,United States,
315,9.0,T.J. McConnell,G,6-2,190.0,30.0,Indiana Pacers,7.0,Arizona,"2015 NBA Draft, Undrafted",United States,
316,,Javante McCoy,G,6-5,180.0,24.0,Los Angeles Lakers,0.0,Boston University,"2022 NBA Draft, Undrafted",United States,
317,3.0,Jaden McDaniels,F,6-9,185.0,21.0,Minnesota Timberwolves,2.0,Washington,2020 Rnd 1 Pick 28,United States,
318,6.0,Jalen McDaniels,PF,6-9,212.0,24.0,Charlotte Hornets,3.0,San Diego State,2019 Rnd 2 Pick 22,United States,
319,17.0,Doug McDermott,F,6-8,225.0,30.0,San Antonio Spurs,8.0,Creighton,2014 Rnd 1 Pick 11,United States,
320,0.0,JaVale McGee,C,7-0,270.0,34.0,Dallas Mavericks,14.0,Nevada,2008 Rnd 1 Pick 18,United States,
321,7.0,Bryce McGowens,GF,6-7,175.0,20.0,Charlotte Hornets,0.0,Nebraska,2022 Rnd 2 Pick 10,United States,
322,17.0,Rodney McGruder,SG,6-4,205.0,31.0,Detroit Pistons,6.0,Kansas State,"2013 NBA Draft, Undrafted",United States,
323,6.0,Jordan McLaughlin,G,6-1,185.0,26.0,Minnesota Timberwolves,3.0,USC,"2018 NBA Draft, Undrafted",United States,
324,0.0,De'Anthony Melton,SG,6-2,200.0,24.0,Philadelphia Sixers,4.0,USC,2018 Rnd 2 Pick 16,United States,
325,25.0,Sam Merrill,G,6-4,197.0,26.0,Sacramento Kings,2.0,Utah State,2020 Rnd 2 Pick 30,United States,
327,22.0,Khris Middleton,SF,6-8,222.0,31.0,Milwaukee Bucks,10.0,Texas A&M,2012 Rnd 2 Pick 9,United States,
328,7.0,Isaiah Miller,G,6-0,185.0,24.0,Portland Trail Blazers,0.0,UNC Greensboro,"2021 NBA Draft, Undrafted",United States,
330,18.0,Shake Milton,SG,6-5,215.0,25.0,Philadelphia Sixers,4.0,Southern Methodist,2018 Rnd 2 Pick 24,United States,
331,7.0,Josh Minott,F,6-8,197.0,19.0,Minnesota Timberwolves,0.0,Memphis,2022 Rnd 2 Pick 15,United States,
332,15.0,Davion Mitchell,PG,6-2,205.0,24.0,Sacramento Kings,1.0,Baylor,2021 Rnd 1 Pick 9,United States,
333,45.0,Donovan Mitchell,SG,6-3,215.0,26.0,Cleveland Cavaliers,5.0,Louisville,2017 Rnd 1 Pick 13,United States,
334,4.0,Evan Mobley,PF,7-0,215.0,21.0,Cleveland Cavaliers,1.0,USC,2021 Rnd 1 Pick 3,United States,
335,15.0,Isaiah Mobley,SF,6-10,240.0,23.0,Cleveland Cavaliers,0.0,USC,2022 Rnd 2 Pick 19,United States,
337,0.0,Malik Monk,SG,6-3,200.0,24.0,Sacramento Kings,5.0,Kentucky,2017 Rnd 1 Pick 11,United States,
338,4.0,Moses Moody,SG,6-6,205.0,20.0,Golden State Warriors,1.0,Arkansas,2021 Rnd 1 Pick 14,United States,
339,15.0,Xavier Moon,SG,6-2,165.0,27.0,Los Angeles Clippers,1.0,Morehead State,"2017 NBA Draft, Undrafted",United States,
340,7.0,"Wendell Moore, Jr.",SF,6-5,213.0,20.0,Minnesota Timberwolves,0.0,Duke,2022 Rnd 1 Pick 26,United States,
341,12.0,Ja Morant,G,6-3,175.0,23.0,Memphis Grizzlies,3.0,Murray State,2019 Rnd 1 Pick 2,United States,
342,8.0,Marcus Morris,F,6-8,218.0,33.0,Los Angeles Clippers,11.0,Kansas,2011 Rnd 1 Pick 14,United States,
344,25.0,Trey Murphy III,G,6-8,208.0,22.0,New Orleans Pelicans,1.0,Virginia,2021 Rnd 1 Pick 17,United States,
345,5.0,Dejounte Murray,SG,6-5,180.0,25.0,Atlanta Hawks,6.0,Washington,2016 Rnd 1 Pick 29,United States,
347,13.0,Keegan Murray,F,6-8,215.0,22.0,Sacramento Kings,0.0,Iowa,2022 Rnd 1 Pick 4,United States,
348,33.0,Mike Muscala,FC,6-11,240.0,31.0,Oklahoma City Thunder,9.0,Bucknell,2013 Rnd 2 Pick 14,United States,
349,22.0,"Larry Nance, Jr.",SF,6-7,245.0,29.0,New Orleans Pelicans,7.0,Wyoming,2015 Rnd 1 Pick 27,United States,
351,5.0,R.J. Nembhard,PG,6-5,200.0,23.0,Cleveland Cavaliers,1.0,Texas Christian,"2021 NBA Draft, Undrafted",United States,
352,23.0,Aaron Nesmith,F,6-6,213.0,22.0,Indiana Pacers,2.0,Vanderbilt,2020 Rnd 1 Pick 14,United States,
354,20.0,Georges Niang,F,6-7,235.0,29.0,Philadelphia Sixers,6.0,Iowa State,2016 Rnd 2 Pick 20,United States,
355,15.0,Daishen Nix,GF,6-5,224.0,20.0,Houston Rockets,1.0,NBA G League Ignite,"2021 NBA Draft, Undrafted",United States,
356,22.0,Zeke Nnaji,PF,6-11,240.0,21.0,Denver Nuggets,2.0,Arizona,2020 Rnd 1 Pick 22,United States,
357,9.0,Nerlens Noel,FC,6-11,220.0,28.0,Detroit Pistons,9.0,Kentucky,2013 Rnd 1 Pick 6,United States,
358,4.0,Jaylen Nowell,SG,6-4,197.0,23.0,Minnesota Timberwolves,3.0,Washington,2019 Rnd 2 Pick 13,United States,
360,12.0,Kendrick Nunn,SG,6-3,195.0,27.0,Los Angeles Lakers,4.0,Oakland,"2018 NBA Draft, Undrafted",United States,
362,2.0,David Nwaba,G,6-5,219.0,29.0,Houston Rockets,6.0,Cal Poly,"2016 NBA Draft, Undrafted",United States,
363,0.0,Royce O'Neale,SF,6-6,226.0,29.0,Brooklyn Nets,5.0,Baylor,"2015 NBA Draft, Undrafted",United States,
364,3.0,Chuma Okeke,PF,6-8,230.0,24.0,Orlando Magic,2.0,Auburn,2019 Rnd 1 Pick 16,United States,
366,17.0,Onyeka Okongwu,PF,6-9,245.0,21.0,Atlanta Hawks,2.0,USC,2020 Rnd 1 Pick 6,United States,
367,35.0,Isaac Okoro,SG,6-5,225.0,21.0,Cleveland Cavaliers,2.0,Auburn,2020 Rnd 1 Pick 5,United States,
368,4.0,Victor Oladipo,G,6-4,210.0,30.0,Miami Heat,9.0,Indiana,2013 Rnd 1 Pick 2,United States,
372,12.0,"Kelly Oubre, Jr.",SF,6-6,205.0,26.0,Charlotte Hornets,7.0,Kansas,2015 Rnd 1 Pick 15,United States,
373,9.0,Eric Paschall,F,6-6,264.0,25.0,Minnesota Timberwolves,3.0,Villanova,2019 Rnd 2 Pick 11,United States,
374,3.0,Chris Paul,PG,6-0,175.0,37.0,Phoenix Suns,17.0,Wake Forest,2005 Rnd 1 Pick 4,United States,
375,15.0,Cameron Payne,G,6-3,190.0,28.0,Phoenix Suns,7.0,Murray State,2015 Rnd 1 Pick 14,United States,
376,0.0,Gary Payton II,G,6-3,195.0,29.0,Portland Trail Blazers,6.0,Oregon State,"2016 NBA Draft, Undrafted",United States,
377,1.0,Theo Pinson,SG,6-5,212.0,26.0,Dallas Mavericks,4.0,North Carolina,"2018 NBA Draft, Undrafted",United States,
378,1.0,"Scotty Pippen, Jr.",G,6-3,185.0,22.0,Los Angeles Lakers,0.0,Vanderbilt,"2022 NBA Draft, Undrafted",United States,
379,24.0,Mason Plumlee,PF,7-0,250.0,32.0,Charlotte Hornets,9.0,Duke,2013 Rnd 1 Pick 22,United States,
382,3.0,Jordan Poole,SG,6-4,195.0,23.0,Golden State Warriors,3.0,Michigan,2019 Rnd 1 Pick 28,United States,
383,3.0,"Kevin Porter, Jr.",SF,6-4,203.0,22.0,Houston Rockets,3.0,USC,2019 Rnd 1 Pick 30,United States,
384,1.0,"Michael Porter, Jr.",PF,6-10,218.0,24.0,Denver Nuggets,4.0,Missouri,2018 Rnd 1 Pick 14,United States,
385,32.0,Otto Porter,SF,6-8,228.0,29.0,Toronto Raptors,9.0,Georgetown,2013 Rnd 1 Pick 3,United States,
386,1.0,Bobby Portis,PF,6-11,250.0,27.0,Milwaukee Bucks,7.0,Arkansas,2015 Rnd 1 Pick 22,United States,
389,24.0,Norman Powell,SG,6-3,215.0,29.0,Los Angeles Clippers,7.0,UCLA,2015 Rnd 2 Pick 16,United States,
390,17.0,Jason Preston,G,6-3,181.0,23.0,Los Angeles Clippers,1.0,Ohio,2021 Rnd 2 Pick 3,United States,
392,12.0,Taurean Prince,F,6-7,218.0,28.0,Minnesota Timberwolves,6.0,Baylor,2016 Rnd 1 Pick 12,United States,
393,11.0,Payton Pritchard,PG,6-2,190.0,24.0,Boston Celtics,2.0,Oregon,2020 Rnd 1 Pick 26,United States,
394,9.0,Trevelin Queen,G,6-6,190.0,25.0,Philadelphia Sixers,1.0,New Mexico State,"2020 NBA Draft, Undrafted",United States,
396,5.0,Immanuel Quickley,PG,6-3,188.0,23.0,New York Knicks,2.0,Kentucky,2020 Rnd 1 Pick 25,United States,
398,30.0,Julius Randle,PF,6-9,250.0,27.0,New York Knicks,8.0,Kentucky,2014 Rnd 1 Pick 7,United States,
399,15.0,Austin Reaves,PG,6-5,206.0,24.0,Los Angeles Lakers,1.0,Oklahoma,"2021 NBA Draft, Undrafted",United States,
400,21.0,Cam Reddish,G,6-8,218.0,23.0,New York Knicks,3.0,Duke,2019 Rnd 1 Pick 10,United States,
401,9.0,Davon Reed,SF,6-5,208.0,27.0,Denver Nuggets,3.0,Miami (FL),2017 Rnd 2 Pick 2,United States,
402,44.0,"Paul Reed, Jr.",F,6-8,218.0,23.0,Philadelphia Sixers,2.0,DePaul,2020 Rnd 2 Pick 28,United States,
403,11.0,Naz Reid,C,6-9,250.0,23.0,Minnesota Timberwolves,3.0,LSU,"2019 NBA Draft, Undrafted",United States,
404,,Jared Rhoden,SG,6-6,210.0,23.0,Portland Trail Blazers,0.0,Seton Hall,"2022 NBA Draft, Undrafted",United States,
406,7.0,Josh Richardson,G,6-5,200.0,28.0,San Antonio Spurs,7.0,Tennessee,2015 Rnd 2 Pick 10,United States,
407,25.0,Austin Rivers,SG,6-4,200.0,30.0,Minnesota Timberwolves,10.0,Duke,2012 Rnd 1 Pick 10,United States,
408,55.0,Duncan Robinson,F,6-8,210.0,28.0,Miami Heat,4.0,Michigan,"2018 NBA Draft, Undrafted",United States,
409,23.0,Mitchell Robinson,C,7-1,240.0,24.0,New York Knicks,4.0,,2018 Rnd 2 Pick 6,United States,
410,,Orlando Robinson,PF,7-0,244.0,22.0,Miami Heat,0.0,Fresno State,"2022 NBA Draft, Undrafted",United States,
411,50.0,Jeremiah Robinson-Earl,PF,6-9,230.0,21.0,Oklahoma City Thunder,1.0,Villanova,2021 Rnd 2 Pick 2,United States,
412,22.0,Isaiah Roby,SF,6-8,230.0,24.0,San Antonio Spurs,3.0,Nebraska,2019 Rnd 2 Pick 15,United States,
413,27.0,David Roddy,F,6-5,255.0,21.0,Memphis Grizzlies,0.0,Colorado State,2022 Rnd 1 Pick 23,United States,
414,2.0,Ryan Rollins,G,6-4,180.0,20.0,Golden State Warriors,0.0,Toledo,2022 Rnd 2 Pick 14,United States,
415,4.0,Derrick Rose,PG,6-3,200.0,33.0,New York Knicks,14.0,Memphis,2008 Rnd 1 Pick 1,United States,
416,31.0,Terrence Ross,SF,6-7,206.0,31.0,Orlando Magic,10.0,Washington,2012 Rnd 1 Pick 8,United States,
417,3.0,Terry Rozier,G,6-1,195.0,28.0,Charlotte Hornets,7.0,Louisville,2015 Rnd 1 Pick 16,United States,
419,0.0,D'Angelo Russell,SG,6-4,193.0,26.0,Minnesota Timberwolves,7.0,Ohio State,2015 Rnd 1 Pick 2,United States,
422,20.0,Jordan Schakel,SF,6-6,200.0,24.0,Washington Wizards,1.0,San Diego State,"2021 NBA Draft, Undrafted",United States,
423,25.0,Admiral Schofield,SF,6-5,241.0,25.0,Orlando Magic,2.0,Tennessee,2019 Rnd 2 Pick 12,United States,
425,2.0,Collin Sexton,PG,6-1,192.0,23.0,Utah Jazz,4.0,Alabama,2018 Rnd 1 Pick 8,United States,
426,14.0,Landry Shamet,PG,6-4,190.0,25.0,Phoenix Suns,4.0,Wichita State,2018 Rnd 1 Pick 26,United States,
427,20.0,Day'Ron Sharpe,PF,6-9,264.0,20.0,Brooklyn Nets,1.0,North Carolina,2021 Rnd 1 Pick 29,United States,
433,1.0,Anfernee Simons,SG,6-3,181.0,23.0,Portland Trail Blazers,4.0,IMG Academy (Florida),2018 Rnd 1 Pick 24,United States,
434,45.0,Jericho Sims,C,6-10,240.0,23.0,New York Knicks,1.0,Texas,2021 Rnd 2 Pick 28,United States,
436,36.0,Marcus Smart,PG,6-3,220.0,28.0,Boston Celtics,8.0,Oklahoma State,2014 Rnd 1 Pick 6,United States,
437,1.0,Jabari Smith II,F,6-10,220.0,19.0,Houston Rockets,0.0,Auburn,2022 Rnd 1 Pick 3,United States,
438,4.0,Ish Smith,PG,6-0,180.0,34.0,Denver Nuggets,12.0,Wake Forest,"2010 NBA Draft, Undrafted",United States,
439,25.0,Jalen Smith,C,6-10,215.0,22.0,Indiana Pacers,2.0,Maryland,2020 Rnd 1 Pick 10,United States,
440,19.0,Xavier Sneed,SF,6-5,215.0,24.0,Utah Jazz,1.0,Kansas State,"2020 NBA Draft, Undrafted",United States,
442,,Pat Spencer,G,6-3,205.0,26.0,Golden State Warriors,0.0,Northwestern,"2020 NBA Draft, Undrafted",United States,
443,11.0,Jaden Springer,SG,6-3,205.0,19.0,Philadelphia Sixers,1.0,Tennessee,2021 Rnd 1 Pick 28,United States,
444,8.0,Lamar Stevens,SF,6-8,225.0,25.0,Cleveland Cavaliers,2.0,Penn State,"2020 NBA Draft, Undrafted",United States,
445,28.0,Isaiah Stewart II,C,6-8,250.0,21.0,Detroit Pistons,2.0,Washington,2020 Rnd 1 Pick 16,United States,
446,31.0,Max Strus,G,6-5,220.0,26.0,Miami Heat,3.0,DePaul,"2019 NBA Draft, Undrafted",United States,
447,4.0,Jalen Suggs,SG,6-4,205.0,21.0,Orlando Magic,1.0,Gonzaga,2021 Rnd 1 Pick 5,United States,
448,4.0,Edmond Sumner,G,6-6,196.0,26.0,Brooklyn Nets,4.0,Xavier,2017 Rnd 2 Pick 22,United States,
449,,Cole Swider,F,6-9,220.0,25.0,Los Angeles Lakers,0.0,Syracuse,"2022 NBA Draft, Undrafted",United States,
450,8.0,Jae'sean Tate,F,6-4,230.0,26.0,Houston Rockets,2.0,Ohio State,"2018 NBA Draft, Undrafted",United States,
451,0.0,Jayson Tatum,SF,6-8,210.0,24.0,Boston Celtics,5.0,Duke,2017 Rnd 1 Pick 3,United States,
452,32.0,Terry Taylor,GF,6-5,230.0,22.0,Indiana Pacers,1.0,Austin Peay,"2021 NBA Draft, Undrafted",United States,
453,41.0,Garrett Temple,G,6-5,195.0,36.0,New Orleans Pelicans,12.0,LSU,"2009 NBA Draft, Undrafted",United States,
454,25.0,Dalen Terry,PG,6-7,195.0,20.0,Chicago Bulls,0.0,Arizona,2022 Rnd 1 Pick 18,United States,
456,24.0,Cam Thomas,PG,6-3,210.0,20.0,Brooklyn Nets,1.0,LSU,2021 Rnd 1 Pick 27,United States,
457,11.0,Klay Thompson,G,6-6,215.0,32.0,Golden State Warriors,11.0,Washington State,2011 Rnd 1 Pick 11,United States,
458,21.0,J.T. Thor,PF,6-9,205.0,20.0,Charlotte Hornets,1.0,Auburn,2021 Rnd 2 Pick 7,United States,
461,36.0,Justin Tillman,PF,6-8,229.0,26.0,Denver Nuggets,1.0,VCU,"2018 NBA Draft, Undrafted",United States,
462,2.0,"Xavier Tillman, Sr.",PF,6-8,245.0,23.0,Memphis Grizzlies,2.0,Michigan State,2020 Rnd 2 Pick 5,United States,
463,14.0,Isaiah Todd,PF,6-9,219.0,20.0,Washington Wizards,1.0,NBA G League Ignite,2021 Rnd 2 Pick 1,United States,
464,1.0,Obi Toppin,F,6-9,193.0,24.0,New York Knicks,2.0,Dayton,2020 Rnd 1 Pick 8,United States,
467,33.0,"Gary Trent, Jr.",SG,6-6,205.0,23.0,Toronto Raptors,4.0,Duke,2018 Rnd 2 Pick 7,United States,
468,17.0,P.J. Tucker,SF,6-6,245.0,37.0,Philadelphia Sixers,11.0,Texas,2006 Rnd 2 Pick 5,United States,
469,33.0,Myles Turner,FC,6-11,250.0,26.0,Indiana Pacers,7.0,Texas,2015 Rnd 1 Pick 11,United States,
471,23.0,Fred VanVleet,G,6-0,195.0,28.0,Toronto Raptors,6.0,Wichita State,"2016 NBA Draft, Undrafted",United States,
472,3.0,Jarred Vanderbilt,PF,6-8,214.0,23.0,Utah Jazz,4.0,Kentucky,2018 Rnd 2 Pick 11,United States,
473,24.0,Devin Vassell,SG,6-7,195.0,22.0,San Antonio Spurs,2.0,Florida State,2020 Rnd 1 Pick 11,United States,
477,32.0,Dean Wade,PF,6-9,219.0,25.0,Cleveland Cavaliers,3.0,Kansas State,"2019 NBA Draft, Undrafted",United States,
481,34.0,Jabari Walker,F,6-9,215.0,20.0,Portland Trail Blazers,0.0,Colorado,2022 Rnd 2 Pick 27,United States,
482,8.0,Kemba Walker,G,6-0,184.0,32.0,Detroit Pistons,11.0,Connecticut,2011 Rnd 1 Pick 9,United States,
483,4.0,Lonnie Walker,SG,6-5,205.0,23.0,Los Angeles Lakers,4.0,Miami (FL),2018 Rnd 1 Pick 18,United States,
484,11.0,John Wall,PG,6-4,210.0,32.0,Los Angeles Clippers,12.0,Kentucky,2010 Rnd 1 Pick 1,United States,
485,1.0,T.J. Warren,F,6-8,215.0,29.0,Brooklyn Nets,8.0,NC State,2014 Rnd 1 Pick 14,United States,
486,4.0,"Duane Washington, Jr.",G,6-3,210.0,22.0,Phoenix Suns,1.0,Ohio State,"2021 NBA Draft, Undrafted",United States,
487,0.0,"TyTy Washington, Jr.",PG,6-3,197.0,20.0,Houston Rockets,0.0,Kentucky,2022 Rnd 1 Pick 29,United States,
488,25.0,P.J. Washington,PF,6-7,230.0,24.0,Charlotte Hornets,3.0,Kentucky,2019 Rnd 1 Pick 12,United States,
490,12.0,Lindy Waters III,SG,6-6,215.0,25.0,Oklahoma City Thunder,1.0,Oklahoma State,"2020 NBA Draft, Undrafted",United States,
491,2.0,Trendon Watford,SF,6-9,230.0,21.0,Portland Trail Blazers,1.0,LSU,"2021 NBA Draft, Undrafted",United States,
492,8.0,Peyton Watson,GF,6-8,200.0,19.0,Denver Nuggets,0.0,UCLA,2022 Rnd 1 Pick 30,United States,
493,15.0,Quinndary Weatherspoon,SG,6-3,207.0,25.0,Golden State Warriors,3.0,Mississippi State,2019 Rnd 2 Pick 19,United States,
494,14.0,Blake Wesley,SG,6-5,185.0,19.0,San Antonio Spurs,0.0,Notre Dame,2022 Rnd 1 Pick 25,United States,
495,0.0,Russell Westbrook,G,6-3,200.0,33.0,Los Angeles Lakers,14.0,UCLA,2008 Rnd 1 Pick 4,United States,
496,0.0,Coby White,PG,6-5,191.0,22.0,Chicago Bulls,3.0,North Carolina,2019 Rnd 1 Pick 7,United States,
497,9.0,Derrick White,G,6-4,195.0,28.0,Boston Celtics,5.0,Colorado,2017 Rnd 1 Pick 29,United States,
498,,Fabian White,F,6-8,230.0,23.0,Los Angeles Lakers,0.0,Houston,"2022 NBA Draft, Undrafted",United States,
500,15.0,Joe Wieskamp,SF,6-6,205.0,23.0,San Antonio Spurs,1.0,Iowa,2021 Rnd 2 Pick 11,United States,
501,21.0,Aaron Wiggins,F,6-6,200.0,23.0,Oklahoma City Thunder,1.0,Maryland,2021 Rnd 2 Pick 25,United States,
504,31.0,Alondes Williams,G,6-5,210.0,24.0,Brooklyn Nets,0.0,Wake Forest,"2022 NBA Draft, Undrafted",United States,
505,5.0,Brandon Williams,PG,6-2,190.0,22.0,Portland Trail Blazers,1.0,Arizona,"2021 NBA Draft, Undrafted",United States,
506,40.0,Grant Williams,SF,6-6,236.0,23.0,Boston Celtics,3.0,Tennessee,2019 Rnd 1 Pick 22,United States,
507,8.0,Jalen Williams,G,6-6,195.0,21.0,Oklahoma City Thunder,0.0,Santa Clara,2022 Rnd 1 Pick 12,United States,
508,6.0,Jaylin Williams,C,6-10,240.0,20.0,Oklahoma City Thunder,0.0,Arkansas,2022 Rnd 2 Pick 4,United States,
509,5.0,"Vincent Williams, Jr.",SF,6-6,205.0,23.0,Memphis Grizzlies,0.0,VCU,2022 Rnd 2 Pick 17,United States,
510,34.0,Kenrich Williams,SF,6-7,210.0,27.0,Oklahoma City Thunder,4.0,Texas Christian,"2018 NBA Draft, Undrafted",United States,
511,5.0,Mark Williams,C,7-1,242.0,20.0,Charlotte Hornets,0.0,Duke,2022 Rnd 1 Pick 15,United States,
512,44.0,Patrick Williams,G,6-7,227.0,21.0,Chicago Bulls,2.0,Florida State,2020 Rnd 1 Pick 4,United States,
513,44.0,Robert Williams,PF,6-8,240.0,24.0,Boston Celtics,4.0,Texas A&M,2018 Rnd 1 Pick 27,United States,
514,,Trevion Williams,C,6-10,255.0,21.0,Golden State Warriors,0.0,Purdue,"2022 NBA Draft, Undrafted",United States,
515,8.0,Ziaire Williams,F,6-9,185.0,20.0,Memphis Grizzlies,1.0,Stanford,2021 Rnd 1 Pick 10,United States,
516,1.0,Zion Williamson,PF,6-6,284.0,22.0,New Orleans Pelicans,3.0,Duke,2019 Rnd 1 Pick 1,United States,
517,9.0,D.J. Wilson,F,6-10,231.0,26.0,Toronto Raptors,5.0,Michigan,2017 Rnd 1 Pick 17,United States,
518,9.0,Dylan Windler,SF,6-6,199.0,25.0,Cleveland Cavaliers,3.0,Belmont,2019 Rnd 1 Pick 26,United States,
519,26.0,Justise Winslow,SF,6-6,222.0,26.0,Portland Trail Blazers,7.0,Duke,2015 Rnd 1 Pick 10,United States,
520,33.0,James Wiseman,C,7-0,258.0,21.0,Golden State Warriors,2.0,Memphis,2020 Rnd 1 Pick 2,United States,
521,35.0,Christian Wood,PF,6-10,223.0,26.0,Dallas Mavericks,6.0,UNLV,"2015 NBA Draft, Undrafted",United States,
522,25.0,McKinley Wright IV,PG,5-11,192.0,23.0,Dallas Mavericks,1.0,Colorado,"2021 NBA Draft, Undrafted",United States,
523,55.0,Delon Wright,G,6-5,185.0,30.0,Washington Wizards,7.0,Utah,2015 Rnd 1 Pick 20,United States,
524,30.0,Thaddeus Young,F,6-8,235.0,34.0,Toronto Raptors,15.0,Georgia Tech,2007 Rnd 1 Pick 12,United States,
525,11.0,Trae Young,PG,6-1,180.0,23.0,Atlanta Hawks,4.0,Oklahoma,2018 Rnd 1 Pick 5,United States,
